UserID,Nome,Mensagem
1,Gabriela Silva Costa,"Gabriela, que tal investir parte dos seus R$45317? ğŸ˜‰ Seu futuro agradece! Santander no Rio."
2,Renata Ferreira Pereira,"Renata, com seu limite de R$26422 em SP, que tal fazer seu saldo render mais? Santander."
3,Fernanda Teixeira Oliveira,"Fernanda, invista parte dos R$24631 e veja seu dinheiro crescer! ğŸ˜‰ Santander em Porto Alegre."
4,Thiago Barbosa Souza,"Thiago, que tal comeÃ§ar a investir? Conte com o Santander em Curitiba! Seu limite Ã© R$4886."
5,Beatriz Oliveira Ferreira,"Beatriz, Santander em Curitiba: faÃ§a seus R$23433 renderem ainda mais! Consulte opÃ§Ãµes."
6,Rafaela Cardoso Silva,"Rafaela, aproveite seu limite de R$22898 e invista no futuro! Santander em BH te ajuda."
7,Rafael Carvalho Melo,"Rafael, que tal fazer seus R$5940 renderem mais no Rio? ğŸ˜‰ Consulte opÃ§Ãµes Santander!"
8,Gabriel Ferreira Gomes,"Gabriel, com R$5876 e limite de R$21418, invista com o Santander em Recife! ğŸ˜‰"
9,Thiago Almeida Silva,"Thiago, Santander no Rio: invista parte dos seus R$32460 e realize seus sonhos! ğŸ˜‰"
10,Larissa Barbosa Rodrigues,"Larissa, faÃ§a seus R$37302 renderem mais! ğŸ˜‰ Conte com o Santander em Manaus!"
11,Tatiane Pereira Ferreira,"Oi, Tatiane! Que tal fazer seu saldo render em BrasÃ­lia? ğŸ˜‰ Converse com a gente!"
12,Carlos Santos Oliveira,"Carlos, seu limite Ã© Ã³timo! E que tal investir parte do seu saldo em SÃ£o Paulo? ğŸ˜‰"
13,Eduardo Santos Araujo,"Eduardo, bora fazer seu dinheiro trabalhar por vocÃª em SÃ£o Paulo? Converse com a gente! ğŸ˜‰"
14,Daniel Nascimento Almeida,"Daniel, Rio te espera e seus investimentos tambÃ©m! ğŸ˜‰ Fale com um especialista."
15,Camila Ribeiro Melo,"Camila, que tal multiplicar seu saldo em Curitiba? Converse com a gente! ğŸ˜‰"
16,Gabriela Araujo Oliveira,"Gabriela, jÃ¡ pensou em investir parte do seu saldo em Curitiba? ğŸ˜‰ Fale conosco!"
17,Rafael Costa Araujo,"Rafael, Recife te espera, e seus investimentos tambÃ©m! ğŸ˜‰ Converse com a gente."
18,Rodrigo Carvalho Oliveira,"Rodrigo, que tal comeÃ§ar a investir em Manaus? Pequenos passos contam! ğŸ˜‰"
19,Camila Ferreira Rodrigues,"Camila, que tal investir parte do seu saldo em SÃ£o Paulo? ğŸ˜‰ Fale com um especialista!"
20,Eduarda Ferreira Santos,"Eduarda, seu futuro financeiro te espera em Recife! ğŸ˜‰ Vamos conversar sobre investimentos?"
21,Eduardo Almeida Gomes,"Eduardo, que tal investir parte dos seus R$44557,16? ğŸ˜‰ Seu limite Ã© R$19040,51."
22,Diego Lima Araujo,"Diego, com R$26385,06, seus investimentos rendem mais! Limite R$26008,55."
23,Daniel Carvalho Costa,"Daniel, R$49648,24 parados nÃ£o rendem! Explore opÃ§Ãµes. Seu limite: R$28536,1."
24,Daniela Nascimento Lima,"Daniela, faÃ§a seu R$3689,83 render mais! ğŸ˜‰ Seu limite Ã© R$5265,13."
25,Pedro Ferreira Lima,"Pedro, invista parte dos seus R$27692,71! Seu limite Ã© R$27871,04."
26,Joao Araujo Almeida,"JoÃ£o, seus R$48465,13 podem render mais! Consulte nossos especialistas. Limite: R$15271,37."
27,Rafael Ferreira Martins,"Rafael, que tal investir parte dos seus R$26154,89? Explore! Limite: R$8489,09."
28,Carla Ferreira Souza,"Carla, seu R$31469,93 pode render muito mais! ğŸ˜‰ Consulte opÃ§Ãµes. Limite: R$14314,94."
29,Bruno Araujo Almeida,"Bruno, faÃ§a seu R$34787,43 render mais! Consulte nossos especialistas. Limite R$29420,94."
30,Daniela Carvalho Nascimento,"Daniela, seus R$22727,05 podem render ainda mais! ğŸ˜‰ Seu limite: R$15285,92."
31,Bruno Carvalho Cardoso,"Bruno, que tal fazer seu saldo render em Salvador? ğŸ˜‰"
32,Felipe Ribeiro Pereira,"Felipe, invista seu saldo em Porto Alegre e realize seus planos!"
33,Sabrina Pereira Almeida,"Sabrina, faÃ§a seu futuro render em BH! ğŸš€"
34,Rafael Teixeira Almeida,"Rafael, que tal investir seu saldo em Curitiba e vÃª-lo crescer?"
35,Thiago Barbosa Nascimento,"Thiago, Santander te ajuda a investir em Salvador! ğŸ˜‰"
36,Felipe Martins Ferreira,"Felipe, impulsione seus objetivos no Rio com investimentos!"
37,Isabela Cardoso Gomes,"Isabela, invista seu saldo no Rio e veja seus sonhos se tornarem realidade!"
38,Eduarda Souza Pereira,"Eduarda, faÃ§a seu dinheiro trabalhar para vocÃª em BrasÃ­lia! ğŸ˜‰"
39,Juliana Lima Ribeiro,"Juliana, explore oportunidades de investimento no Rio!"
40,Victor Oliveira Barbosa,"Victor, vamos fazer seu saldo render mais em Salvador? ğŸ˜‰"
41,Eduardo Nascimento Ribeiro,"Eduardo, que tal investir parte dos seus R$9406 em Salvador? ğŸ˜‰ #Santander"
42,Mateus Almeida Melo,"Mateus, seu futuro financeiro te espera! Que tal investir em Manaus? #Santander"
43,Ana Santos Melo,"Ana, invista em seus sonhos! Seu saldo em Porto Alegre pode render mais. ğŸ˜‰"
44,Tatiane Rodrigues Santos,"Tatiane, faÃ§a seu dinheiro render em SÃ£o Paulo! Consulte nossas opÃ§Ãµes! #Santander"
45,Vanessa Barbosa Lima,"Vanessa, explore oportunidades de investimento em Fortaleza! Seu futuro agradece! ğŸ˜‰"
46,Joao Silva Costa,"JoÃ£o, que tal fazer seu saldo em Recife crescer ainda mais? Consulte um especialista! #Santander"
47,Marcelo Lima Teixeira,"Marcelo, invista no Rio! Seu saldo pode ter um futuro ainda melhor. #Santander"
48,Fernanda Costa Teixeira,"Fernanda, seus R$34908 em BrasÃ­lia podem render mais! Invista! #Santander"
49,Victor Carvalho Pereira,"Victor, pense grande no Rio! Invista parte do seu saldo e conquiste seus objetivos!"
50,Diego Lima Melo,"Diego, que tal investir parte do seu saldo em Recife? Consulte nossas opÃ§Ãµes! ğŸ˜‰ #Santander"
51,Mateus Silva Martins,"Mateus, que tal fazer seu saldo de Porto Alegre render mais? ğŸ˜‰"
52,Lucas Silva Pereira,"Lucas, em Manaus, seu futuro financeiro te espera! Invista com o Santander."
53,Diego Costa Ferreira,"Diego, multiplique suas conquistas em Salvador! Explore nossos investimentos."
54,Carla Ferreira Nascimento,"Carla, que tal fazer seu saldo em Manaus trabalhar pra vocÃª? #Invista"
55,Eduarda Oliveira Cardoso,"Eduarda, impulsione seu futuro em Curitiba com nossos investimentos!"
56,Daniela Teixeira Pereira,"Daniela, aproveite seu saldo no Rio e invista! Consulte um especialista."
57,Isabela Gomes Melo,"Isabela, que tal investir parte do seu saldo em SÃ£o Paulo? ğŸ˜‰"
58,Larissa Almeida Teixeira,"Larissa, faÃ§a seu saldo em Curitiba render mais! Fale com a gente."
59,Victor Barbosa Carvalho,"Victor, impulsione seus objetivos em Porto Alegre! ConheÃ§a nossos investimentos."
60,Pedro Carvalho Rodrigues,"Pedro, que tal fazer seu saldo no Rio trabalhar pra vocÃª? Invista!"
61,Felipe Martins Gomes,"Felipe, que tal fazer seu saldo em Curitiba render mais? ğŸ˜‰"
62,Mateus Ribeiro Santos,"Mateus, explore opÃ§Ãµes de investimento pro seu futuro no Rio!"
63,Renata Ferreira Oliveira,"Renata, que tal investir parte do seu limite em BrasÃ­lia? #Santander"
64,Carlos Silva Nascimento,"Carlos, vamos fazer seu dinheiro em Porto Alegre trabalhar pra vocÃª?"
65,Rafael Ferreira Nascimento,"Rafael, invista no seu futuro em Fortaleza com o Santander!"
66,Rafaela Silva Santos,"Rafaela, faÃ§a seu saldo em Salvador render ainda mais!"
67,Carla Ferreira Oliveira,"Carla, invista em seus objetivos em Belo Horizonte! ğŸ˜‰"
68,Camila Rodrigues Oliveira,"Camila, impulsione seus sonhos em Salvador com investimentos!"
69,Marcelo Ferreira Costa,"Marcelo, que tal investir parte do seu saldo em Salvador?"
70,Lucas Carvalho Melo,"Lucas, faÃ§a seu dinheiro em Curitiba render mais pra vocÃª!"
71,Isabela Melo Nascimento,"Isabela, que tal fazer seu saldo render em Porto Alegre? ğŸ˜‰ Veja opÃ§Ãµes!"
72,Leonardo Ferreira Cardoso,"Leonardo, aproveite seu saldo no Rio e invista! Conte com o Santander."
73,Gabriel Carvalho Santos,"Gabriel, impulsione seus planos em Manaus! Invista seu saldo."
74,Fernanda Barbosa Martins,"Fernanda, BH te espera! FaÃ§a seu saldo render com investimentos."
75,Gustavo Barbosa Gomes,"Gustavo, Recife no seu futuro! Seu saldo pode render mais."
76,Carla Santos Souza,"Carla, que tal fazer seu saldo crescer em Curitiba? Invista!"
77,Felipe Rodrigues Santos,"Felipe, BH e seus investimentos! Consulte opÃ§Ãµes para seu saldo."
78,Renata Carvalho Ferreira,"Renata, Fortaleza te inspira! Invista seu saldo no Santander."
79,Pedro Ribeiro Pereira,"Pedro, BrasÃ­lia e seus planos! Seu saldo pode te ajudar a realizÃ¡-los."
80,Gustavo Lima Costa,"Gustavo, faÃ§a seu saldo render em Porto Alegre! ğŸš€ Consulte opÃ§Ãµes!"
81,Joao Ferreira Oliveira,"JoÃ£o, que tal fazer seu saldo render em Recife? ğŸ˜‰ Veja opÃ§Ãµes!"
82,Henrique Teixeira Santos,"Henrique, Curitiba te espera! Invista seu saldo Santander!"
83,Carla Teixeira Silva,"Carla, Salvador no seu futuro! Que tal investir hoje?"
84,Eduarda Ferreira Lima,"Eduarda, SP e suas oportunidades! Invista com o Santander."
85,Gabriel Gomes Cardoso,"Gabriel, impulsione seu saldo em Curitiba! Conte com a gente."
86,Patricia Araujo Souza,"Patricia, faÃ§a seu futuro em SP! Explore nossos investimentos."
87,Larissa Araujo Silva,"Larissa, invista seu saldo em Salvador! Simule agora!"
88,Eduardo Almeida Gomes,"Eduardo, BrasÃ­lia te aguarda! Veja opÃ§Ãµes de investimento."
89,Vanessa Barbosa Melo,"Vanessa, Porto Alegre no seu futuro! Comece a investir!"
90,Lucas Pereira Ferreira,"Lucas, Rio te espera! Explore as opÃ§Ãµes do Santander!"
91,Vanessa Carvalho Souza,"Vanessa, que tal fazer seu saldo render mais em Curitiba? ğŸ˜‰"
92,Thiago Teixeira Souza,"Thiago, explore opÃ§Ãµes de investimento em Manaus! Seu futuro agradece."
93,Bruno Souza Oliveira,"Bruno, aproveite seu limite e invista em Salvador! Bora fazer render?"
94,Thiago Gomes Teixeira,"Thiago, que tal investir parte do seu saldo em Curitiba? ğŸ˜‰"
95,Mateus Lima Souza,"Mateus, diversifique seus investimentos em Fortaleza! Consulte seu app."
96,Marcelo Oliveira Carvalho,"Marcelo, seu saldo + limite em BrasÃ­lia rendendo mais! #Invista"
97,Daniela Nascimento Oliveira,"Daniela, invista em Fortaleza e veja seu futuro brilhar! âœ¨"
98,Renata Araujo Santos,"Renata, faÃ§a seu dinheiro trabalhar por vocÃª em BH! Consulte opÃ§Ãµes."
99,Rodrigo Ferreira Nascimento,"Rodrigo, que tal investir parte do seu saldo em Porto Alegre? ğŸ˜‰"
100,Victor Souza Santos,"Victor, invista em BH e conquiste seus objetivos! Simule no app."
